{"name":"a3d85708-73aa-4a11-bda4-a77c85108d5f","id":"/providers/Microsoft.Flow/flows/a3d85708-73aa-4a11-bda4-a77c85108d5f","type":"Microsoft.Flow/flows","properties":{"apiId":"/providers/Microsoft.PowerApps/apis/shared_logicflows","displayName":"Fixed Flow","definition":{"metadata":{"workflowEntityId":null,"flowclientsuspensionreason":"None","flowclientsuspensiontime":null,"creator":{"id":"f78f948e-133b-4067-a469-788eebb442e8","type":"User","tenantId":"c315d727-985a-4c2a-ab9e-4a8a259ec2b2"},"provisioningMethod":"FromDefinition","failureAlertSubscription":true,"clientLastModifiedTime":"2020-12-01T14:06:24.2614724Z"},"$schema":"https://schema.management.azure.com/providers/Microsoft.Logic/schemas/2016-06-01/workflowdefinition.json#","contentVersion":"1.0.0.0","parameters":{"$connections":{"defaultValue":{},"type":"Object"},"$authentication":{"defaultValue":{},"type":"SecureObject"},"cdsruntimecertificate":{"type":"String"},"cdsruntimecertificatepassword":{"type":"SecureString"}},"triggers":{"When_a_Trigger_Table_record_is_selected":{"splitOn":"@triggerBody()['rows']","type":"Request","kind":"ApiConnection","inputs":{"schema":{"type":"object","properties":{"rows":{"type":"array","items":{"type":"object","properties":{"entity":{"type":"object","properties":{"fgb_triggertableid":{"title":"Trigger Table","type":"string","format":"guid"}},"required":[]}},"required":[]}}},"required":[]},"host":{"connection":{"name":"@parameters('$connections')['shared_commondataservice']['connectionId']"},"api":{"runtimeUrl":"https://unitedstates-002.azure-apim.net/apim/commondataservice"}},"operationId":"GetOnNewItems_V2","parameters":{"dataset":"default.cds","table":"fgb_triggertables"}},"description":"Test this trigger with lookup fields containing values or not"}},"actions":{"Get_a_Looked_Up_Table_record_for_Mandatory_column":{"runAfter":{"Get_the_selected_Trigger_Table_record":["Succeeded"]},"type":"OpenApiConnection","inputs":{"host":{"apiId":"/providers/Microsoft.PowerApps/apis/shared_commondataserviceforapps","connectionName":"shared_commondataserviceforapps","operationId":"GetItem"},"parameters":{"entityName":"fgb_lookeduptables","recordId":"@outputs('Get_the_selected_Trigger_Table_record')?['body/_fgb_mandatorylookupvalue_value']"},"authentication":"@parameters('$authentication')"},"description":"With the assumption that this column is mandatory, we don't need to validate if value contains data"},"Validate_if_optional_column_has_data":{"actions":{"Get_a_Looked_Up_Table_record_for_Optional_column":{"runAfter":{},"type":"OpenApiConnection","inputs":{"host":{"apiId":"/providers/Microsoft.PowerApps/apis/shared_commondataserviceforapps","connectionName":"shared_commondataserviceforapps","operationId":"GetItem"},"parameters":{"entityName":"fgb_lookeduptables","recordId":"@outputs('Get_the_selected_Trigger_Table_record')?['body/_fgb_optionallookupvalue_value']"},"authentication":"@parameters('$authentication')"},"description":"Since we're in the condition path where there's a value, we should be ok to reference it"},"Compose_with_Mandatory_and_Optional_Values":{"runAfter":{"Get_a_Looked_Up_Table_record_for_Optional_column":["Succeeded"]},"type":"Compose","inputs":"Mandatory Value: @{outputs('Get_a_Looked_Up_Table_record_for_Mandatory_column')?['body/fgb_moredetail']}\nOptional Value: @{outputs('Get_a_Looked_Up_Table_record_for_Optional_column')?['body/fgb_moredetail']}","description":"Just for demonstration purposes"}},"runAfter":{"Get_a_Looked_Up_Table_record_for_Mandatory_column":["Succeeded"]},"else":{"actions":{"Compose_with_Mandatory_Value":{"runAfter":{},"type":"Compose","inputs":"Mandatory Value: @{outputs('Get_a_Looked_Up_Table_record_for_Mandatory_column')?['body/fgb_moredetail']}","description":"Just for demonstration purposes"}}},"expression":{"equals":["@empty(outputs('Get_the_selected_Trigger_Table_record')?['body/_fgb_optionallookupvalue_value'])",false]},"type":"If","description":"Expression: empty(outputs('Get_the_selected_Trigger_Table_record')?['body/_fgb_optionallookupvalue_value'])"},"Get_the_selected_Trigger_Table_record":{"runAfter":{},"type":"OpenApiConnection","inputs":{"host":{"apiId":"/providers/Microsoft.PowerApps/apis/shared_commondataserviceforapps","connectionName":"shared_commondataserviceforapps","operationId":"GetItem"},"parameters":{"entityName":"fgb_triggertables","recordId":"@triggerBody()?['entity']?['fgb_triggertableid']"},"authentication":"@parameters('$authentication')"},"description":"Select the actual record and use the output of this action instead of the trigger at this point."}},"outputs":{}},"connectionReferences":{"shared_commondataservice":{"connectionName":"shared-commondataser-5812cb2a-441c-4b32-861f-b0db-f617aa12","source":"Invoker","id":"/providers/Microsoft.PowerApps/apis/shared_commondataservice","tier":"NotSpecified"},"shared_commondataserviceforapps":{"connectionName":"shared-commondataser-024d1bff-0dc4-477f-a6c5-be53-7bfe6b11","source":"Embedded","id":"/providers/Microsoft.PowerApps/apis/shared_commondataserviceforapps","tier":"NotSpecified"}},"flowFailureAlertSubscribed":false}}