{"properties":{"connectionReferences":{"shared_commondataserviceforapps":{"impersonation":{},"runtimeSource":"embedded","connection":{},"api":{"name":"shared_commondataserviceforapps"}}},"definition":{"$schema":"https://schema.management.azure.com/providers/Microsoft.Logic/schemas/2016-06-01/workflowdefinition.json#","contentVersion":"1.0.0.0","parameters":{"$connections":{"defaultValue":{},"type":"Object"},"$authentication":{"defaultValue":{},"type":"SecureObject"}},"triggers":{"Get_New_License_Plate":{"type":"OpenApiConnectionWebhook","inputs":{"host":{"apiId":"/providers/Microsoft.PowerApps/apis/shared_commondataserviceforapps","connectionName":"shared_commondataserviceforapps","operationId":"SubscribeWebhookTrigger"},"parameters":{"subscriptionRequest/message":1,"subscriptionRequest/entityname":"crc1d_licenseplate","subscriptionRequest/scope":4,"subscriptionRequest/name":"e0a08757-001d-ea11-a811-000d3a4f1244"},"authentication":"@parameters('$authentication')"},"description":"When a new License Plate record is added - Using Common Data Service (current environment) connector"}},"actions":{"Get_the_image_file_for_the_License_Plate":{"runAfter":{},"type":"OpenApiConnection","inputs":{"host":{"apiId":"/providers/Microsoft.PowerApps/apis/shared_commondataserviceforapps","connectionName":"shared_commondataserviceforapps","operationId":"GetEntityFileImageFieldContent"},"parameters":{"entityName":"crc1d_licenseplates","recordId":"@triggerOutputs()?['body/crc1d_licenseplateid']","fileImageFieldName":"crc1d_imagefile"},"authentication":"@parameters('$authentication')"},"description":"Fetch the actual image file that needs to be processed - Using Common Data Service (current environment) connector"},"Analyze_License_Plate":{"runAfter":{"Get_the_image_file_for_the_License_Plate":["Succeeded"]},"type":"OpenApiConnection","inputs":{"host":{"apiId":"/providers/Microsoft.PowerApps/apis/shared_commondataserviceforapps","connectionName":"shared_commondataserviceforapps","operationId":"Predict"},"parameters":{"modelId":"86419a67-205a-454f-b6fc-601394f2786d","item/request":"{\n    \"base64Encoded\": \"@{base64(outputs('Get_the_image_file_for_the_License_Plate')?['body'])}\",\n    \"mimeType\": \"image/jpeg\"\n}"},"authentication":"@parameters('$authentication')"},"description":"Using the Predict action (flow must be within a solution) - Select the Text Recognition model - In Payload apply base64() to the image file retrieved in previous step"},"Parse_JSON_from_AI_Builder":{"runAfter":{"Analyze_License_Plate":["Succeeded"]},"type":"ParseJson","inputs":{"content":"@outputs('Analyze_License_Plate')?['body/response']","schema":{"type":"object","properties":{"predictionOutput":{"type":"object","properties":{"results":{"type":"array","items":{"type":"object","properties":{"lines":{"type":"array","items":{"type":"object","properties":{"boundingBox":{"type":"object","properties":{"left":{"type":"number"},"top":{"type":"number"},"width":{"type":"number"},"height":{"type":"number"}}},"text":{"type":"string"}},"required":["boundingBox","text"]}},"page":{"type":"integer"}},"required":["lines","page"]}}}},"operationStatus":{"type":"string"},"error":{}}}},"description":"Use schema as detailed at https://docs.microsoft.com/en-us/ai-builder/flow-text-recognition"},"Initialize_PlateNumber_variable_to_\"\"":{"runAfter":{"Parse_JSON_from_AI_Builder":["Succeeded"]},"type":"InitializeVariable","inputs":{"variables":[{"name":"PlateNumber","type":"String"}]},"description":"This variable will serve as the result of this flow and update the entity record with this value"},"For_each_of_the_results_from_AI_Builder":{"foreach":"@body('Parse_JSON_from_AI_Builder')?['predictionOutput']?['results']","actions":{"For_each_of_the_lines_of_the_results":{"foreach":"@items('For_each_of_the_results_from_AI_Builder')?['lines']","actions":{"This_is_the_biggest_by_far":{"actions":{"Set_PlateNumber_as_the_current_text_value":{"runAfter":{},"type":"SetVariable","inputs":{"name":"PlateNumber","value":"@{items('For_each_of_the_lines_of_the_results')?['text']}"},"description":"When this is the biggest text, set the plate number as this text, discard what had been stored previously"}},"runAfter":{},"else":{"actions":{"This_height_is_too_small":{"actions":{},"runAfter":{},"else":{"actions":{"Append_to_PlateNumber":{"runAfter":{},"type":"AppendToStringVariable","inputs":{"name":"PlateNumber","value":"@items('For_each_of_the_lines_of_the_results')?['text']"},"description":"Append the new text to the result"}}},"expression":{"and":[{"greater":["@variables('BiggestHeight')",0]},{"less":["@items('For_each_of_the_lines_of_the_results')?['boundingBox']?['height']","@variables('MinimumHeight')"]}]},"type":"If","description":"If the height of this line/text is smaller than the lower boundary, just ignore it"}}},"expression":{"or":[{"equals":["@variables('BiggestHeight')",0]},{"greater":["@items('For_each_of_the_lines_of_the_results')?['boundingBox']?['height']","@variables('MaximumHeight')"]}]},"type":"If","description":"If this is the first text retrieved (BiggestHeight=0) or we're above the already set MaximumHeight boundary"},"When_height_is_bigger_than_BiggestHeight":{"actions":{"Set_BiggestHeight_as_current_height":{"runAfter":{},"type":"SetVariable","inputs":{"name":"BiggestHeight","value":"@items('For_each_of_the_lines_of_the_results')?['boundingBox']?['height']"},"description":"The current height is now the biggest one reference"},"Set_MinimumHeight_based_on_BiggestHeight_and_variance":{"runAfter":{"Set_BiggestHeight_as_current_height":["Succeeded"]},"type":"SetVariable","inputs":{"name":"MinimumHeight","value":"@sub(variables('BiggestHeight'),mul(variables('BiggestHeight'),variables('VarianceFactor')))"},"description":"So we don't have to do the substract / multiply calculations in every loop. Set the lower limit here, now"},"Set_MaximumHeight_based_on_BiggestHeight_and_variance":{"runAfter":{"Set_MinimumHeight_based_on_BiggestHeight_and_variance":["Succeeded"]},"type":"SetVariable","inputs":{"name":"MaximumHeight","value":"@add(variables('BiggestHeight'),mul(variables('BiggestHeight'),variables('VarianceFactor')))"},"description":"So we don't have to do the substract / multiply calculations in every loop. Set the higher limit here, now"}},"runAfter":{"This_is_the_biggest_by_far":["Succeeded"]},"expression":{"greater":["@items('For_each_of_the_lines_of_the_results')?['boundingBox']?['height']","@variables('BiggestHeight')"]},"type":"If","description":"If the height of this line is bigger than the previous BiggestHeight value - update the variables"}},"runAfter":{},"type":"Foreach","description":"Within each results there's a series of lines which is where the text we're looking for is located","runtimeConfiguration":{"concurrency":{"repetitions":1}}}},"runAfter":{"Initialize_MaximumHeight_variable_to_0":["Succeeded"]},"type":"Foreach","description":"The parsed JSON is grouped by results. So we must loop through them.","runtimeConfiguration":{"concurrency":{"repetitions":1}}},"Update_the_License_Plate_record_with_the_text":{"runAfter":{"For_each_of_the_results_from_AI_Builder":["Succeeded"]},"type":"OpenApiConnection","inputs":{"host":{"apiId":"/providers/Microsoft.PowerApps/apis/shared_commondataserviceforapps","connectionName":"shared_commondataserviceforapps","operationId":"UpdateRecord"},"parameters":{"entityName":"crc1d_licenseplates","recordId":"@triggerOutputs()?['body/crc1d_licenseplateid']","item/crc1d_name":"@variables('PlateNumber')","item/crc1d_processedbyflow":true},"authentication":"@parameters('$authentication')"},"description":"Update the record name to be the discovered text. Set the processed indicator to true so the Canvas App (or other consumer) knows that the text recognition has been updated"},"Initialize_BiggestHeight_variable_to_0":{"runAfter":{"Initialize_PlateNumber_variable_to_\"\"":["Succeeded"]},"type":"InitializeVariable","inputs":{"variables":[{"name":"BiggestHeight","type":"Float","value":0}]},"description":"Considering that the license plate number is the biggest part of the recognised text, we will use this variable to keep track of what has been considered the biggest height so far"},"Initialize_VarianceFactor_variable":{"runAfter":{"Initialize_BiggestHeight_variable_to_0":["Succeeded"]},"type":"InitializeVariable","inputs":{"variables":[{"name":"VarianceFactor","type":"Float","value":0.2}]},"description":"There's potentialy a small variance in height when text is seperated in multiple parts (normally the text recognition will group all, but this is a safety)"},"Initialize_MinimumHeight_variable_to_0":{"runAfter":{"Initialize_VarianceFactor_variable":["Succeeded"]},"type":"InitializeVariable","inputs":{"variables":[{"name":"MinimumHeight","type":"Float","value":0}]},"description":"For optimisation purposes store the result of the calculation of what is the lower boundary of height relative to BiggestHeight in this variable"},"Initialize_MaximumHeight_variable_to_0":{"runAfter":{"Initialize_MinimumHeight_variable_to_0":["Succeeded"]},"type":"InitializeVariable","inputs":{"variables":[{"name":"MaximumHeight","type":"Float","value":0}]},"description":"For optimisation purposes store the result of the calculation of what is the higher boundary of height relative to BiggestHeight in this variable"}},"outputs":{}}},"schemaVersion":"1.0.0.0"}