{"name":"6b2abc89-7bfa-4f7e-bcff-07882a89be21","id":"/providers/Microsoft.Flow/flows/6b2abc89-7bfa-4f7e-bcff-07882a89be21","type":"Microsoft.Flow/flows","properties":{"apiId":"/providers/Microsoft.PowerApps/apis/shared_logicflows","displayName":"Magic Flow - On Selected","definition":{"metadata":{"workflowEntityId":null,"flowclientsuspensionreason":"None","flowclientsuspensiontime":null,"creator":{"id":"f78f948e-133b-4067-a469-788eebb442e8","type":"User","tenantId":"c315d727-985a-4c2a-ab9e-4a8a259ec2b2"},"provisioningMethod":"FromDefinition","failureAlertSubscription":true,"clientLastModifiedTime":"2020-11-24T16:22:27.7873277Z"},"$schema":"https://schema.management.azure.com/providers/Microsoft.Logic/schemas/2016-06-01/workflowdefinition.json#","contentVersion":"1.0.0.0","parameters":{"$connections":{"defaultValue":{},"type":"Object"},"$authentication":{"defaultValue":{},"type":"SecureObject"},"cdsruntimecertificate":{"type":"String"},"cdsruntimecertificatepassword":{"type":"SecureString"}},"triggers":{"manual":{"splitOn":"@triggerBody()['rows']","type":"Request","kind":"ApiConnection","inputs":{"schema":{"type":"object","properties":{"rows":{"type":"array","items":{"type":"object","properties":{"entity":{"type":"object","properties":{"crc84_factfindid":{"title":"Fact Find","type":"string","format":"guid"}},"required":["crc84_factfindid"]}},"required":["entity"]}}},"required":["rows"]},"host":{"connection":{"name":"@parameters('$connections')['shared_commondataservice']['connectionId']"},"api":{"runtimeUrl":"https://unitedstates-002.azure-apim.net/apim/commondataservice"}},"operationId":"GetOnNewItems_V2","parameters":{"dataset":"default.cds","table":"crc84_factfinds"}}}},"actions":{"Condition_-_Does_Client_2_contains_data":{"actions":{"Create_a_fun_fact_with_client_2_details":{"runAfter":{"Get_the_client_2_details":["Succeeded"]},"type":"OpenApiConnection","inputs":{"host":{"apiId":"/providers/Microsoft.PowerApps/apis/shared_commondataserviceforapps","connectionName":"shared_commondataserviceforapps","operationId":"CreateRecord"},"parameters":{"entityName":"crc84_factupdates","item/crc84_Client1@odata.bind":"accounts(@{outputs('Get_the_fact_find_record')?['body/_crc84_client1_value']})","item/crc84_name":"On Selected - C1 @{outputs('Get_Client_1_Details')?['body/name']} - C2@{outputs('Get_the_client_2_details')?['body/name']}","item/crc84_RelatedFunFact@odata.bind":"crc84_factfinds(@{outputs('Get_the_fact_find_record')?['body/crc84_factfindid']})","item/crc84_Client2@odata.bind":"accounts(@{outputs('Get_the_fact_find_record')?['body/_crc84_client2_value']})"},"authentication":"@parameters('$authentication')"}},"Get_the_client_2_details":{"runAfter":{},"type":"OpenApiConnection","inputs":{"host":{"apiId":"/providers/Microsoft.PowerApps/apis/shared_commondataserviceforapps","connectionName":"shared_commondataserviceforapps","operationId":"GetItem"},"parameters":{"entityName":"accounts","recordId":"@outputs('Get_the_fact_find_record')?['body/_crc84_client2_value']"},"authentication":"@parameters('$authentication')"}}},"runAfter":{"Get_Client_1_Details":["Succeeded"]},"else":{"actions":{"Create_a_fun_fact_with_client_1_details":{"runAfter":{},"type":"OpenApiConnection","inputs":{"host":{"apiId":"/providers/Microsoft.PowerApps/apis/shared_commondataserviceforapps","connectionName":"shared_commondataserviceforapps","operationId":"CreateRecord"},"parameters":{"entityName":"crc84_factupdates","item/crc84_Client1@odata.bind":"accounts(@{outputs('Get_the_fact_find_record')?['body/_crc84_client1_value']})","item/crc84_name":"On Selected - C1: @{outputs('Get_Client_1_Details')?['body/name']}","item/crc84_RelatedFunFact@odata.bind":"crc84_factfinds(@{outputs('Get_the_fact_find_record')?['body/crc84_factfindid']})"},"authentication":"@parameters('$authentication')"}}}},"expression":{"equals":["@empty(outputs('Get_the_fact_find_record')?['body/_crc84_client2_value'])",false]},"type":"If","description":"was too lazy to move the actions below form one side to the other.. so I flipped the condition around!"},"Get_Client_1_Details":{"runAfter":{"Get_the_fact_find_record":["Succeeded"]},"type":"OpenApiConnection","inputs":{"host":{"apiId":"/providers/Microsoft.PowerApps/apis/shared_commondataserviceforapps","connectionName":"shared_commondataserviceforapps","operationId":"GetItem"},"parameters":{"entityName":"accounts","recordId":"@outputs('Get_the_fact_find_record')?['body/_crc84_client1_value']"},"authentication":"@parameters('$authentication')"}},"Get_the_fact_find_record":{"runAfter":{},"type":"OpenApiConnection","inputs":{"host":{"apiId":"/providers/Microsoft.PowerApps/apis/shared_commondataserviceforapps","connectionName":"shared_commondataserviceforapps","operationId":"GetItem"},"parameters":{"entityName":"crc84_factfinds","recordId":"@triggerBody()?['entity']?['crc84_factfindid']"},"authentication":"@parameters('$authentication')"}}}},"connectionReferences":{"shared_commondataservice":{"connectionName":"shared-commondataser-e68ada00-3ee5-4584-a3b4-270119cb44ad","source":"Invoker","id":"/providers/Microsoft.PowerApps/apis/shared_commondataservice","tier":"NotSpecified"},"shared_commondataserviceforapps":{"connectionName":"shared-commondataser-024d1bff-0dc4-477f-a6c5-be53-7bfe6b11","source":"Embedded","id":"/providers/Microsoft.PowerApps/apis/shared_commondataserviceforapps","tier":"NotSpecified"}},"flowFailureAlertSubscribed":false}}