{"schemaVersion":"1.0","appDefinitionTemplate":{"id":"/providers/Microsoft.PowerApps/apps/","type":"Microsoft.PowerApps/apps","tags":{"primaryDeviceWidth":"1366","primaryDeviceHeight":"768","sienaVersion":"20200403T175904Z-3.20022.21.0","deviceCapabilities":"webcam","supportsPortrait":"false","supportsLandscape":"true","primaryFormFactor":"Tablet","publisherVersion":"3.20022.21","minimumRequiredApiVersion":"2.2.0","hasComponent":"false","hasUnlockedComponent":"false"},"properties":{"appVersion":"2020-04-03T17:59:04Z","lifeCycleId":"Published","createdByClientVersion":{"major":3,"minor":20022,"build":21,"revision":0,"majorRevision":0,"minorRevision":0},"minClientVersion":{"major":3,"minor":20022,"build":21,"revision":0,"majorRevision":0,"minorRevision":0},"backgroundColor":"rgba(129, 42, 141, 1)","backgroundImageUri":"/9418838073602180902/N101301f5-82e6-4e5a-bf42-ef45b6b2e4f2-logoSmallFile","displayName":"PowerApps Training_1142","description":"This is a training app that teaches you the basics of building your own Power Apps applications. With 20+ exercises, each one just taking a few minutes to complete, you will learn how to build your own apps in a hands-on way.","commitMessage":"","appUris":{"documentUri":{"value":"/9418838073602180902/N8197d987-de2a-41d9-a205-452525ccb1c9-document.msapp","readonlyValue":"/9418838073602180902/N8197d987-de2a-41d9-a205-452525ccb1c9-document.msapp"},"imageUris":[]},"createdTime":"0001-01-01T00:00:00Z","lastModifiedTime":"0001-01-01T00:00:00Z","sharedGroupsCount":0,"sharedUsersCount":0,"icons":{"smallIconUri":"/9418838073602180902/N7719ec5c-6502-4300-80b2-13bf38768ab3-small.png","mediumIconUri":"/9418838073602180902/N723e0fe9-b96a-4bf7-997f-f61deeb4dbf1-medium.png","largeIconUri":"/9418838073602180902/N66f3f952-f944-4634-a7fa-0c11d370c418-large.png","wideIconUri":"/9418838073602180902/Nf782d7b8-de5f-4c0b-8a01-ed4c9ce1c992-wide.png"},"connectionReferences":{},"databaseReferences":{},"almMode":"Environment","performanceOptimizationEnabled":false,"canConsumeAppPass":true},"isAppComponentLibrary":false,"appType":"ClassicCanvasApp","appComponents":[]}}