{"properties":{"connectionReferences":{"shared_commondataserviceforapps":{"impersonation":{},"runtimeSource":"embedded","connection":{},"api":{"name":"shared_commondataserviceforapps"}}},"definition":{"$schema":"https://schema.management.azure.com/providers/Microsoft.Logic/schemas/2016-06-01/workflowdefinition.json#","contentVersion":"1.0.0.0","parameters":{"$connections":{"defaultValue":{},"type":"Object"},"$authentication":{"defaultValue":{},"type":"SecureObject"}},"triggers":{"Get_New_Text_Recognition_request":{"type":"OpenApiConnectionWebhook","inputs":{"host":{"apiId":"/providers/Microsoft.PowerApps/apis/shared_commondataserviceforapps","connectionName":"shared_commondataserviceforapps","operationId":"SubscribeWebhookTrigger"},"parameters":{"subscriptionRequest/message":1,"subscriptionRequest/entityname":"aib_textrecognition","subscriptionRequest/scope":4,"subscriptionRequest/name":"c7955972-b420-ea11-a810-000d3a4f1244"},"authentication":"@parameters('$authentication')"},"description":"When a new Text Recognition record is added - Using Common Data Service (current environment) connector"}},"actions":{"Get_the_image_file_for_the_request":{"runAfter":{},"type":"OpenApiConnection","inputs":{"host":{"apiId":"/providers/Microsoft.PowerApps/apis/shared_commondataserviceforapps","connectionName":"shared_commondataserviceforapps","operationId":"GetEntityFileImageFieldContent"},"parameters":{"entityName":"aib_textrecognitions","recordId":"@triggerOutputs()?['body/aib_textrecognitionid']","fileImageFieldName":"aib_imagefile"},"authentication":"@parameters('$authentication')"},"description":"Fetch the actual image file that needs to be processed - Using Common Data Service (current environment) connector"},"Analyze_Image_File":{"runAfter":{"Get_the_image_file_for_the_request":["Succeeded"]},"type":"OpenApiConnection","inputs":{"host":{"apiId":"/providers/Microsoft.PowerApps/apis/shared_commondataserviceforapps","connectionName":"shared_commondataserviceforapps","operationId":"Predict"},"parameters":{"modelId":"86419a67-205a-454f-b6fc-601394f2786d","item/request":"{\n    \"base64Encoded\": \"@{base64(outputs('Get_the_image_file_for_the_request')?['body'])}\",\n    \"mimeType\": \"image/jpeg\"\n}"},"authentication":"@parameters('$authentication')"},"description":"Using the Predict action (flow must be within a solution) - Select the Text Recognition model - In Payload apply base64() to the image file retrieved in previous step"},"Parse_JSON_from_AI_Builder":{"runAfter":{"Analyze_Image_File":["Succeeded"]},"type":"ParseJson","inputs":{"content":"@outputs('Analyze_Image_File')?['body/response']","schema":{"type":"object","properties":{"predictionOutput":{"type":"object","properties":{"results":{"type":"array","items":{"type":"object","properties":{"lines":{"type":"array","items":{"type":"object","properties":{"boundingBox":{"type":"object","properties":{"left":{"type":"number"},"top":{"type":"number"},"width":{"type":"number"},"height":{"type":"number"}}},"text":{"type":"string"}},"required":["boundingBox","text"]}},"page":{"type":"integer"}},"required":["lines","page"]}}}},"operationStatus":{"type":"string"},"error":{}}}},"description":"Use schema as detailed at https://docs.microsoft.com/en-us/ai-builder/flow-text-recognition"},"Initialize_RecognizedText_variable":{"runAfter":{"Parse_JSON_from_AI_Builder":["Succeeded"]},"type":"InitializeVariable","inputs":{"variables":[{"name":"RecognizedText","type":"String"}]},"description":"This variable will serve as the result of this flow and update the entity record with this value"},"For_each_of_the_results_from_AI_Builder":{"foreach":"@body('Parse_JSON_from_AI_Builder')?['predictionOutput']?['results']","actions":{"For_each_of_the_lines_of_the_results":{"foreach":"@items('For_each_of_the_results_from_AI_Builder')?['lines']","actions":{"Condition":{"actions":{"Append_to_string_variable":{"runAfter":{},"type":"AppendToStringVariable","inputs":{"name":"RecognizedText","value":"\n"}}},"runAfter":{},"expression":{"greater":["@items('For_each_of_the_lines_of_the_results')?['boundingBox']?['top']","@variables('PrevY')"]},"type":"If"},"Append_to_string_variable_2":{"runAfter":{"Condition":["Succeeded"]},"type":"AppendToStringVariable","inputs":{"name":"RecognizedText","value":" @{items('For_each_of_the_lines_of_the_results')?['text']}"}},"Set_variable":{"runAfter":{"Append_to_string_variable_2":["Succeeded"]},"type":"SetVariable","inputs":{"name":"PrevY","value":"@items('For_each_of_the_lines_of_the_results')?['boundingBox']?['top']"}}},"runAfter":{},"type":"Foreach","description":"Within each results there's a series of lines which is where the text we're looking for is located","runtimeConfiguration":{"concurrency":{"repetitions":1}}},"Append_a_CRLF":{"runAfter":{"For_each_of_the_lines_of_the_results":["Succeeded"]},"type":"AppendToStringVariable","inputs":{"name":"RecognizedText","value":"\n"},"description":"Append the new text to the result"}},"runAfter":{"Initialize_variable":["Succeeded"]},"type":"Foreach","description":"The parsed JSON is grouped by results. So we must loop through them.","runtimeConfiguration":{"concurrency":{"repetitions":1}}},"Update_the_Text_Recognition_record_with_the_text":{"runAfter":{"For_each_of_the_results_from_AI_Builder":["Succeeded"]},"type":"OpenApiConnection","inputs":{"host":{"apiId":"/providers/Microsoft.PowerApps/apis/shared_commondataserviceforapps","connectionName":"shared_commondataserviceforapps","operationId":"UpdateRecord"},"parameters":{"entityName":"aib_textrecognitions","recordId":"@triggerOutputs()?['body/aib_textrecognitionid']","item/aib_processedbyflow":true,"item/aib_processedtext":"@variables('RecognizedText')"},"authentication":"@parameters('$authentication')"},"description":"Update the record name to be the discovered text. Set the processed indicator to true so the Canvas App (or other consumer) knows that the text recognition has been updated"},"Initialize_variable":{"runAfter":{"Initialize_RecognizedText_variable":["Succeeded"]},"type":"InitializeVariable","inputs":{"variables":[{"name":"PrevY","type":"Float","value":0}]}}},"outputs":{}}},"schemaVersion":"1.0.0.0"}