{"properties":{"connectionReferences":{"shared_commondataserviceforapps":{"impersonation":{},"runtimeSource":"embedded","connection":{},"api":{"name":"shared_commondataserviceforapps"}}},"definition":{"$schema":"https://schema.management.azure.com/providers/Microsoft.Logic/schemas/2016-06-01/workflowdefinition.json#","contentVersion":"1.0.0.0","parameters":{"$connections":{"defaultValue":{},"type":"Object"},"$authentication":{"defaultValue":{},"type":"SecureObject"}},"triggers":{"When_a_Fact_Finds_record_is_created":{"type":"OpenApiConnectionWebhook","inputs":{"host":{"apiId":"/providers/Microsoft.PowerApps/apis/shared_commondataserviceforapps","connectionName":"shared_commondataserviceforapps","operationId":"SubscribeWebhookTrigger"},"parameters":{"subscriptionRequest/message":1,"subscriptionRequest/entityname":"crc84_factfind","subscriptionRequest/scope":4,"subscriptionRequest/name":"cb9b1a46-722e-eb11-a813-000d3a530fa6"},"authentication":"@parameters('$authentication')"}}},"actions":{"Condition_-_Does_Client_2_contains_data":{"actions":{"Create_a_fun_fact_with_client_2_details":{"runAfter":{"Get_the_client_2_details":["Succeeded"]},"type":"OpenApiConnection","inputs":{"host":{"apiId":"/providers/Microsoft.PowerApps/apis/shared_commondataserviceforapps","connectionName":"shared_commondataserviceforapps","operationId":"CreateRecord"},"parameters":{"entityName":"crc84_factupdates","item/crc84_Client1@odata.bind":"accounts(@{outputs('Get_the_fact_find_record')?['body/_crc84_client1_value']})","item/crc84_name":"On Create - C1 @{outputs('Get_Client_1_Details')?['body/name']} - C2@{outputs('Get_the_client_2_details')?['body/name']}","item/crc84_RelatedFunFact@odata.bind":"crc84_factfinds(@{outputs('Get_the_fact_find_record')?['body/crc84_factfindid']})","item/crc84_Client2@odata.bind":"accounts(@{outputs('Get_the_fact_find_record')?['body/_crc84_client2_value']})"},"authentication":"@parameters('$authentication')"}},"Get_the_client_2_details":{"runAfter":{},"type":"OpenApiConnection","inputs":{"host":{"apiId":"/providers/Microsoft.PowerApps/apis/shared_commondataserviceforapps","connectionName":"shared_commondataserviceforapps","operationId":"GetItem"},"parameters":{"entityName":"accounts","recordId":"@outputs('Get_the_fact_find_record')?['body/_crc84_client2_value']"},"authentication":"@parameters('$authentication')"}}},"runAfter":{"Get_Client_1_Details":["Succeeded"]},"else":{"actions":{"Create_a_fun_fact_with_client_1_details":{"runAfter":{},"type":"OpenApiConnection","inputs":{"host":{"apiId":"/providers/Microsoft.PowerApps/apis/shared_commondataserviceforapps","connectionName":"shared_commondataserviceforapps","operationId":"CreateRecord"},"parameters":{"entityName":"crc84_factupdates","item/crc84_Client1@odata.bind":"accounts(@{outputs('Get_the_fact_find_record')?['body/_crc84_client1_value']})","item/crc84_name":"On Create - C1: @{outputs('Get_Client_1_Details')?['body/name']}","item/crc84_RelatedFunFact@odata.bind":"crc84_factfinds(@{outputs('Get_the_fact_find_record')?['body/crc84_factfindid']})"},"authentication":"@parameters('$authentication')"}}}},"expression":{"equals":["@empty(outputs('Get_the_fact_find_record')?['body/_crc84_client2_value'])",false]},"type":"If","description":"was too lazy to move the actions below form one side to the other.. so I flipped the condition around!"},"Get_Client_1_Details":{"runAfter":{"Get_the_fact_find_record":["Succeeded"]},"type":"OpenApiConnection","inputs":{"host":{"apiId":"/providers/Microsoft.PowerApps/apis/shared_commondataserviceforapps","connectionName":"shared_commondataserviceforapps","operationId":"GetItem"},"parameters":{"entityName":"accounts","recordId":"@outputs('Get_the_fact_find_record')?['body/_crc84_client1_value']"},"authentication":"@parameters('$authentication')"}},"Get_the_fact_find_record":{"runAfter":{},"type":"OpenApiConnection","inputs":{"host":{"apiId":"/providers/Microsoft.PowerApps/apis/shared_commondataserviceforapps","connectionName":"shared_commondataserviceforapps","operationId":"GetItem"},"parameters":{"entityName":"crc84_factfinds","recordId":"@triggerOutputs()?['body/crc84_factfindid']"},"authentication":"@parameters('$authentication')"}}}}},"schemaVersion":"1.0.0.0"}